id,date,card_number_id,revenue,cost
100001,2024-02-01,2010,12.35,5.56
100002,2024-02-01,2011,6.54,2.45
100003,2024-02-01,2012,19.25,5.39
100004,2024-02-01,2013,100.24,45.11
100005,2024-02-01,2014,94.3,35.36
100006,2024-02-01,2015,10.25,2.87
100007,2024-02-01,2016,2.86,1.29
100008,2024-02-01,2017,30.56,11.46
100009,2024-02-01,2018,34.04,9.53
100010,2024-02-01,2019,9.54,4.29
100011,2024-02-01,2020,20.48,7.68
100012,2024-02-01,2021,43.01,12.04
100013,2024-02-01,2022,19.44,8.75
100014,2024-02-01,2023,13.35,5.01
100015,2024-02-01,2024,7.54,2.11
100016,2024-02-01,2025,20.25,9.11
100017,2024-02-01,2026,101.24,37.97
100018,2024-02-01,2027,95.3,26.68
100019,2024-02-01,2028,11.25,5.06
100020,2024-02-01,2029,3.86,1.45
100021,2024-02-02,2030,31.56,8.84
100022,2024-02-02,2031,35.04,15.77
100023,2024-02-02,2032,10.54,3.95
100024,2024-02-02,2033,21.48,6.01
100025,2024-02-02,2034,44.01,19.80
100026,2024-02-02,2035,20.44,7.67
100027,2024-02-02,2036,14.35,4.02
100028,2024-02-02,2037,8.54,3.84
100029,2024-02-02,2038,21.25,7.97
100030,2024-02-02,2039,102.24,28.63
100031,2024-02-02,2040,96.3,43.34
100032,2024-02-02,2041,12.25,4.59
100033,2024-02-02,2042,4.86,1.36
100034,2024-02-02,2043,32.56,14.65
100035,2024-02-02,2044,36.04,13.52
100036,2024-02-02,2045,11.54,3.23
100037,2024-02-02,2046,22.48,10.12
100038,2024-02-02,2047,45.01,16.88
100039,2024-02-02,2048,21.44,6.00
100040,2024-02-02,2049,15.35,6.91
100041,2024-02-03,2050,9.54,3.58
100042,2024-02-03,2051,22.25,6.23
100043,2024-02-03,2052,103.24,46.46
100044,2024-02-03,2053,97.3,36.49
100045,2024-02-03,2054,13.25,3.71
100046,2024-02-03,2055,5.86,2.64
100047,2024-02-03,2056,33.56,12.59
100048,2024-02-03,2057,37.04,10.37
100049,2024-02-03,2058,12.54,5.64
100050,2024-02-03,2059,23.48,8.81
100051,2024-02-03,2060,46.01,12.88
100052,2024-02-03,2061,22.44,10.10
100053,2024-02-03,2062,16.35,6.13
100054,2024-02-03,2063,10.54,2.95
100055,2024-02-03,2064,23.25,10.46
100056,2024-02-03,2065,104.24,39.09
100057,2024-02-03,2066,98.3,27.52
100058,2024-02-03,2067,14.25,6.41
100059,2024-02-03,2068,6.86,2.57
100060,2024-02-03,2069,34.56,9.68
100061,2024-02-04,2070,38.04,17.12
100062,2024-02-04,2071,13.54,5.08
100063,2024-02-04,2072,24.48,6.85
100064,2024-02-04,2073,47.01,21.15
100065,2024-02-04,2074,23.44,8.79
100066,2024-02-04,2075,17.35,4.86
100067,2024-02-04,2076,11.54,5.19
100068,2024-02-04,2077,24.25,9.09
100069,2024-02-04,2078,105.24,29.47
100070,2024-02-04,2079,99.3,44.69
100071,2024-02-04,2080,15.25,5.72
100072,2024-02-04,2081,7.86,2.20
100073,2024-02-04,2082,35.56,16.00
100074,2024-02-04,2083,39.04,14.64
100075,2024-02-04,2084,14.54,4.07
100076,2024-02-04,2085,25.48,11.47
100077,2024-02-04,2086,48.01,18.00
100078,2024-02-04,2087,24.44,6.84
100079,2024-02-04,2088,18.35,8.26
100080,2024-02-04,2089,12.54,4.70
100081,2024-02-05,2090,25.25,7.07
100082,2024-02-05,2091,106.24,47.81
100083,2024-02-05,2092,100.3,37.61
100084,2024-02-05,2093,16.25,4.55
100085,2024-02-05,2094,8.86,3.99
100086,2024-02-05,2095,36.56,13.71
100087,2024-02-05,2096,40.04,11.21
100088,2024-02-05,2097,15.54,6.99
100089,2024-02-05,2098,26.48,9.93
100090,2024-02-05,2099,49.01,13.72
100091,2024-02-05,2100,25.44,11.45
100092,2024-02-05,2101,19.35,7.26
100093,2024-02-05,2102,13.54,3.79
100094,2024-02-05,2103,26.25,11.81
100095,2024-02-05,2104,107.24,40.22
100096,2024-02-05,2105,101.3,28.36
100097,2024-02-05,2106,17.25,7.76
100098,2024-02-05,2107,9.86,3.70
100099,2024-02-05,2108,37.56,10.52
100100,2024-02-05,2109,41.04,18.47
100101,2024-02-06,2110,16.54,6.20
100102,2024-02-06,2111,27.48,7.69
100103,2024-02-06,2112,50.01,22.50
100104,2024-02-06,2113,26.44,9.92
100105,2024-02-06,2114,20.35,5.70
100106,2024-02-06,2115,14.54,6.54
100107,2024-02-06,2116,27.25,10.22
100108,2024-02-06,2117,108.24,30.31
100109,2024-02-06,2118,102.3,46.04
100110,2024-02-06,2119,18.25,6.84
100111,2024-02-06,2120,10.86,3.04
100112,2024-02-06,2121,38.56,17.35
100113,2024-02-06,2122,42.04,15.77
100114,2024-02-06,2123,17.54,4.91
100115,2024-02-06,2124,28.48,12.82
100116,2024-02-06,2125,51.01,19.13
100117,2024-02-06,2126,27.44,7.68
100118,2024-02-06,2127,21.35,9.61
100119,2024-02-06,2128,15.54,5.83
100120,2024-02-06,2129,28.25,7.91
100121,2024-02-07,2130,109.24,49.16
100122,2024-02-07,2131,103.3,38.74
100123,2024-02-07,2132,19.25,5.39
100124,2024-02-07,2133,11.86,5.34
100125,2024-02-07,2134,39.56,14.84
100126,2024-02-07,2135,43.04,12.05
100127,2024-02-07,2136,18.54,8.34
100128,2024-02-07,2137,29.48,11.06
100129,2024-02-07,2138,52.01,14.56
100130,2024-02-07,2139,28.44,12.80
100131,2024-02-07,2140,22.35,8.38
100132,2024-02-07,2141,16.54,4.63
100133,2024-02-07,2142,29.25,13.16
100134,2024-02-07,2143,110.24,41.34
100135,2024-02-07,2144,104.3,29.20
100136,2024-02-07,2145,20.25,9.11
100137,2024-02-07,2146,12.86,4.82
100138,2024-02-07,2147,40.56,11.36
100139,2024-02-07,2148,44.04,19.82
100140,2024-02-07,2149,19.54,7.33
100141,2024-02-08,2150,30.48,8.53
100142,2024-02-08,2151,53.01,23.85
100143,2024-02-08,2152,29.44,11.04
100144,2024-02-08,2153,23.35,6.54
100145,2024-02-08,2154,17.54,7.89
100146,2024-02-08,2155,30.25,11.34
100147,2024-02-08,2156,111.24,31.15
100148,2024-02-08,2157,105.3,47.39
100149,2024-02-08,2158,21.25,7.97
100150,2024-02-08,2159,13.86,3.88
100151,2024-02-08,2160,41.56,18.70
100152,2024-02-08,2161,45.04,16.89
100153,2024-02-08,2162,20.54,5.75
100154,2024-02-08,2163,31.48,14.17
100155,2024-02-08,2164,54.01,20.25
100156,2024-02-08,2165,30.44,8.52
100157,2024-02-08,2166,24.35,10.96
100158,2024-02-08,2167,18.54,6.95
100159,2024-02-08,2168,31.25,8.75
100160,2024-02-08,2169,112.24,50.51
100161,2024-02-09,2170,106.3,39.86
100162,2024-02-09,2171,22.25,6.23
100163,2024-02-09,2172,14.86,6.69
100164,2024-02-09,2173,42.56,15.96
100165,2024-02-09,2174,46.04,12.89
100166,2024-02-09,2175,21.54,9.69
100167,2024-02-09,2176,32.48,12.18
100168,2024-02-09,2177,55.01,15.40
100169,2024-02-09,2178,31.44,14.15
100170,2024-02-09,2179,25.35,9.51
100171,2024-02-09,2180,19.54,5.47
100172,2024-02-09,2181,32.25,14.51
100173,2024-02-09,2182,113.24,42.47
100174,2024-02-09,2183,107.3,30.04
100175,2024-02-09,2184,23.25,10.46
100176,2024-02-09,2185,15.86,5.95
100177,2024-02-09,2186,43.56,12.20
100178,2024-02-09,2187,47.04,21.17
100179,2024-02-09,2188,22.54,8.45
100180,2024-02-09,2189,33.48,9.37
100181,2024-02-10,2190,56.01,25.20
100182,2024-02-10,2191,32.44,12.17
100183,2024-02-10,2192,26.35,7.38
100184,2024-02-10,2193,20.54,9.24
100185,2024-02-10,2194,33.25,12.47
100186,2024-02-10,2195,114.24,31.99
100187,2024-02-10,2196,108.3,48.74
100188,2024-02-10,2197,24.25,9.09
100189,2024-02-10,2198,16.86,4.72
100190,2024-02-10,2199,44.56,20.05
100191,2024-02-10,2200,48.04,18.02
100192,2024-02-10,2201,23.54,6.59
100193,2024-02-10,2202,34.48,15.52
100194,2024-02-10,2203,57.01,21.38
100195,2024-02-10,2204,33.44,9.36
100196,2024-02-10,2205,27.35,12.31
100197,2024-02-10,2206,21.54,8.08
100198,2024-02-10,2207,34.25,9.59
100199,2024-02-10,2208,115.24,51.86
100200,2024-02-10,2209,109.3,40.99
100201,2024-02-11,2210,25.25,7.07
100202,2024-02-11,2211,17.86,8.04
100203,2024-02-11,2212,45.56,17.09
100204,2024-02-11,2213,49.04,13.73
100205,2024-02-11,2214,24.54,11.04
100206,2024-02-11,2215,35.48,13.31
100207,2024-02-11,2216,58.01,16.24
100208,2024-02-11,2217,34.44,15.50
100209,2024-02-11,2218,28.35,10.63
100210,2024-02-11,2219,22.54,6.31
100211,2024-02-11,2220,35.25,15.86
100212,2024-02-11,2221,116.24,43.59
100213,2024-02-11,2222,110.3,30.88
100214,2024-02-11,2223,26.25,11.81
100215,2024-02-11,2224,18.86,7.07
100216,2024-02-11,2225,46.56,13.04
100217,2024-02-11,2226,50.04,22.52
100218,2024-02-11,2227,25.54,9.58
100219,2024-02-11,2228,36.48,10.21
100220,2024-02-11,2229,59.01,26.55
100221,2024-02-12,2230,35.44,13.29
100222,2024-02-12,2231,29.35,8.22
100223,2024-02-12,2232,23.54,10.59
100224,2024-02-12,2233,36.25,13.59
100225,2024-02-12,2234,117.24,32.83
100226,2024-02-12,2235,111.3,50.09
100227,2024-02-12,2236,27.25,10.22
100228,2024-02-12,2237,19.86,5.56
100229,2024-02-12,2238,47.56,21.40
100230,2024-02-12,2239,51.04,19.14
100231,2024-02-12,2240,26.54,7.43
100232,2024-02-12,2241,37.48,16.87
100233,2024-02-12,2242,60.01,22.50
100234,2024-02-12,2243,36.44,10.20
100235,2024-02-12,2244,30.35,13.66
100236,2024-02-12,2245,24.54,9.20
100237,2024-02-12,2246,37.25,10.43
100238,2024-02-12,2247,118.24,53.21
100239,2024-02-12,2248,112.3,42.11
100240,2024-02-12,2249,28.25,7.91
100241,2024-02-13,2250,20.86,9.39
100242,2024-02-13,2251,48.56,18.21
100243,2024-02-13,2252,52.04,14.57
100244,2024-02-13,2253,27.54,12.39
100245,2024-02-13,2254,38.48,14.43
100246,2024-02-13,2255,61.01,17.08
100247,2024-02-13,2256,37.44,16.85
100248,2024-02-13,2257,31.35,11.76
100249,2024-02-13,2258,25.54,7.15
100250,2024-02-13,2259,38.25,17.21
100251,2024-02-13,2260,119.24,44.72
100252,2024-02-13,2261,113.3,31.72
100253,2024-02-13,2262,29.25,13.16
100254,2024-02-13,2263,21.86,8.20
100255,2024-02-13,2264,49.56,13.88
100256,2024-02-13,2265,53.04,23.87
100257,2024-02-13,2266,28.54,10.70
100258,2024-02-13,2267,39.48,11.05
100259,2024-02-13,2268,62.01,27.90
100260,2024-02-13,2269,38.44,14.42
100261,2024-02-14,2270,32.35,9.06
100262,2024-02-14,2271,26.54,11.94
100263,2024-02-14,2272,39.25,14.72
100264,2024-02-14,2273,120.24,33.67
100265,2024-02-14,2274,114.3,51.44
100266,2024-02-14,2275,30.25,11.34
100267,2024-02-14,2276,22.86,6.40
100268,2024-02-14,2277,50.56,22.75
100269,2024-02-14,2278,54.04,20.27
100270,2024-02-14,2279,29.54,8.27
100271,2024-02-14,2280,40.48,18.22
100272,2024-02-14,2281,63.01,23.63
100273,2024-02-14,2282,39.44,11.04
100274,2024-02-14,2283,33.35,15.01
100275,2024-02-14,2284,27.54,10.33
100276,2024-02-14,2285,40.25,11.27
100277,2024-02-14,2286,121.24,54.56
100278,2024-02-14,2287,115.3,43.24
100279,2024-02-14,2288,31.25,8.75
100280,2024-02-14,2289,23.86,10.74
100281,2024-02-15,2290,51.56,19.34
100282,2024-02-15,2291,55.04,15.41
100283,2024-02-15,2292,30.54,13.74
100284,2024-02-15,2293,41.48,15.56
100285,2024-02-15,2294,64.01,17.92
100286,2024-02-15,2295,40.44,18.20
100287,2024-02-15,2296,34.35,12.88
100288,2024-02-15,2297,28.54,7.99
100289,2024-02-15,2298,41.25,18.56
100290,2024-02-15,2299,122.24,45.84
100291,2024-02-15,2300,116.3,32.56
100292,2024-02-15,2301,32.25,14.51
100293,2024-02-15,2302,24.86,9.32
100294,2024-02-15,2303,52.56,14.72
100295,2024-02-15,2304,56.04,25.22
100296,2024-02-15,2305,31.54,11.83
100297,2024-02-15,2306,42.48,11.89
100298,2024-02-15,2307,65.01,29.25
100299,2024-02-15,2308,41.44,15.54
100300,2024-02-15,2309,35.35,9.90
100301,2024-02-16,2310,29.54,13.29
100302,2024-02-16,2311,42.25,15.84
100303,2024-02-16,2312,123.24,34.51
100304,2024-02-16,2313,117.3,52.79
100305,2024-02-16,2314,33.25,12.47
100306,2024-02-16,2315,25.86,7.24
100307,2024-02-16,2316,53.56,24.10
100308,2024-02-16,2317,57.04,21.39
100309,2024-02-16,2318,32.54,9.11
100310,2024-02-16,2319,43.48,19.57
100311,2024-02-16,2320,66.01,24.75
100312,2024-02-16,2321,42.44,11.88
100313,2024-02-16,2322,36.35,16.36
100314,2024-02-16,2323,30.54,11.45
100315,2024-02-16,2324,43.25,12.11
100316,2024-02-16,2325,124.24,55.91
100317,2024-02-16,2326,118.3,44.36
100318,2024-02-16,2327,34.25,9.59
100319,2024-02-16,2328,26.86,12.09
100320,2024-02-16,2329,54.56,20.46
100321,2024-02-17,2330,58.04,16.25
100322,2024-02-17,2331,33.54,15.09
100323,2024-02-17,2332,44.48,16.68
100324,2024-02-17,2333,67.01,18.76
100325,2024-02-17,2334,43.44,19.55
100326,2024-02-17,2335,37.35,14.01
100327,2024-02-17,2336,31.54,8.83
100328,2024-02-17,2337,44.25,19.91
100329,2024-02-17,2338,125.24,46.97
100330,2024-02-17,2339,119.3,33.40
100331,2024-02-17,2340,35.25,15.86
100332,2024-02-17,2341,27.86,10.45
100333,2024-02-17,2342,55.56,15.56
100334,2024-02-17,2343,59.04,26.57
100335,2024-02-17,2344,34.54,12.95
100336,2024-02-17,2345,45.48,12.73
100337,2024-02-17,2346,68.01,30.60
100338,2024-02-17,2347,44.44,16.67
100339,2024-02-17,2348,38.35,10.74
100340,2024-02-17,2349,32.54,14.64
100341,2024-02-18,2350,45.25,16.97
100342,2024-02-18,2351,126.24,35.35
100343,2024-02-18,2352,120.3,54.14
100344,2024-02-18,2353,36.25,13.59
100345,2024-02-18,2354,28.86,8.08
100346,2024-02-18,2355,56.56,25.45
100347,2024-02-18,2356,60.04,22.52
100348,2024-02-18,2357,35.54,9.95
100349,2024-02-18,2358,46.48,20.92
100350,2024-02-18,2359,69.01,25.88
100351,2024-02-18,2360,45.44,12.72
100352,2024-02-18,2361,39.35,17.71
100353,2024-02-18,2362,33.54,12.58
100354,2024-02-18,2363,46.25,12.95
100355,2024-02-18,2364,127.24,57.26
100356,2024-02-18,2365,121.3,45.49
100357,2024-02-18,2366,37.25,10.43
100358,2024-02-18,2367,29.86,13.44
100359,2024-02-18,2368,57.56,21.59
100360,2024-02-18,2369,61.04,17.09
100361,2024-02-19,2370,36.54,16.44
100362,2024-02-19,2371,47.48,17.81
100363,2024-02-19,2372,70.01,19.60
100364,2024-02-19,2373,46.44,20.90
100365,2024-02-19,2374,40.35,15.13
100366,2024-02-19,2375,34.54,9.67
100367,2024-02-19,2376,47.25,21.26
100368,2024-02-19,2377,128.24,48.09
100369,2024-02-19,2378,122.3,34.24
100370,2024-02-19,2379,38.25,17.21
100371,2024-02-19,2380,30.86,11.57
100372,2024-02-19,2381,58.56,16.40
100373,2024-02-19,2382,62.04,27.92
100374,2024-02-19,2383,37.54,14.08
100375,2024-02-19,2384,48.48,13.57
100376,2024-02-19,2385,71.01,31.95
100377,2024-02-19,2386,47.44,17.79
100378,2024-02-19,2387,41.35,11.58
100379,2024-02-19,2388,35.54,15.99
100380,2024-02-19,2389,48.25,18.09
100381,2024-02-20,2390,129.24,36.19
100382,2024-02-20,2391,123.3,55.49
100383,2024-02-20,2392,39.25,14.72
100384,2024-02-20,2393,31.86,8.92
100385,2024-02-20,2394,59.56,26.80
100386,2024-02-20,2395,63.04,23.64
100387,2024-02-20,2396,38.54,10.79
100388,2024-02-20,2010,49.48,22.27
100389,2024-02-20,2011,72.01,27.00
100390,2024-02-20,2012,48.44,13.56
100391,2024-02-20,2013,42.35,19.06
100392,2024-02-20,2014,36.54,13.70
100393,2024-02-20,2015,49.25,13.79
100394,2024-02-20,2016,130.24,58.61
100395,2024-02-20,2017,124.3,46.61
100396,2024-02-20,2018,40.25,11.27
100397,2024-02-20,2019,32.86,14.79
100398,2024-02-20,2020,60.56,22.71
100399,2024-02-20,2021,64.04,17.93
100400,2024-02-20,2331,39.54,17.79
100401,2024-02-21,2332,50.48,18.93
100402,2024-02-21,2333,73.01,20.44
100403,2024-02-21,2334,49.44,22.25
100404,2024-02-21,2335,12.35,4.63
100405,2024-02-21,2336,6.54,1.83
100406,2024-02-21,2337,19.25,8.66
100407,2024-02-21,2338,100.24,37.59
100408,2024-02-21,2339,94.3,26.40
100409,2024-02-21,2340,10.25,4.61
100410,2024-02-21,2341,2.86,1.07
100411,2024-02-21,2342,30.56,8.56
100412,2024-02-21,2343,34.04,15.32
100413,2024-02-21,2344,9.54,3.58
100414,2024-02-21,2345,20.48,5.73
100415,2024-02-21,2346,43.01,19.35
100416,2024-02-21,2347,19.44,7.29
100417,2024-02-21,2348,13.35,3.74
100418,2024-02-21,2349,7.54,3.39
100419,2024-02-21,2350,20.25,7.59
100420,2024-02-21,2351,101.24,28.35
100421,2024-02-22,2352,95.3,42.89
100422,2024-02-22,2353,11.25,4.22
100423,2024-02-22,2354,3.86,1.08
100424,2024-02-22,2355,31.56,14.20
100425,2024-02-22,2356,35.04,13.14
100426,2024-02-22,2357,10.54,2.95
100427,2024-02-22,2358,21.48,9.67
100428,2024-02-22,2359,44.01,16.50
100429,2024-02-22,2360,20.44,5.72
100430,2024-02-22,2361,14.35,6.46
100431,2024-02-22,2362,8.54,3.20
100432,2024-02-22,2363,21.25,5.95
100433,2024-02-22,2364,102.24,46.01
100434,2024-02-22,2092,96.3,36.11
100435,2024-02-22,2093,12.25,3.43
100436,2024-02-22,2094,4.86,2.19
100437,2024-02-22,2095,32.56,12.21
100438,2024-02-22,2096,36.04,10.09
100439,2024-02-22,2097,11.54,5.19
100440,2024-02-22,2098,22.48,8.43
100441,2024-02-23,2099,45.01,12.60
100442,2024-02-23,2100,21.44,9.65
100443,2024-02-23,2101,15.35,5.76
100444,2024-02-23,2102,9.54,2.67
100445,2024-02-23,2103,22.25,10.01
100446,2024-02-23,2104,103.24,38.72
100447,2024-02-23,2105,97.3,27.24
100448,2024-02-23,2106,13.25,5.96
100449,2024-02-23,2107,5.86,2.20
100450,2024-02-23,2108,33.56,9.40
100451,2024-02-23,2109,37.04,16.67
100452,2024-02-23,2110,12.54,4.70
100453,2024-02-23,2111,23.48,6.57
100454,2024-02-23,2112,46.01,20.70
100455,2024-02-23,2113,22.44,8.42
100456,2024-02-23,2114,16.35,4.58
100457,2024-02-23,2115,10.54,4.74
100458,2024-02-23,2116,23.25,8.72
100459,2024-02-23,2117,104.24,29.19
100460,2024-02-23,2118,98.3,44.24
100461,2024-02-24,2119,14.25,5.34
100462,2024-02-24,2120,6.86,1.92
100463,2024-02-24,2121,34.56,15.55
100464,2024-02-24,2122,38.04,14.27
100465,2024-02-24,2123,13.54,3.79
100466,2024-02-24,2124,24.48,11.02
100467,2024-02-24,2125,47.01,17.63
100468,2024-02-24,2126,23.44,6.56
100469,2024-02-24,2127,17.35,7.81
100470,2024-02-24,2128,11.54,4.33
100471,2024-02-24,2129,24.25,6.79
100472,2024-02-24,2130,105.24,47.36
100473,2024-02-24,2131,99.3,37.24
100474,2024-02-24,2132,15.25,4.27
100475,2024-02-24,2133,7.86,3.54
100476,2024-02-24,2134,35.56,13.34
100477,2024-02-24,2135,39.04,10.93
100478,2024-02-24,2136,14.54,6.54
100479,2024-02-24,2137,25.48,9.56
100480,2024-02-24,2138,48.01,13.44
100481,2024-02-25,2139,24.44,11.00
100482,2024-02-25,2140,18.35,6.88
100483,2024-02-25,2141,12.54,3.51
100484,2024-02-25,2142,25.25,11.36
100485,2024-02-25,2143,106.24,39.84
100486,2024-02-25,2144,100.3,28.08
100487,2024-02-25,2145,16.25,7.31
100488,2024-02-25,2146,8.86,3.32
100489,2024-02-25,2147,36.56,10.24
100490,2024-02-25,2148,40.04,18.02
100491,2024-02-25,2149,15.54,5.83
100492,2024-02-25,2150,26.48,7.41
100493,2024-02-25,2151,49.01,22.05
100494,2024-02-25,2152,25.44,9.54
100495,2024-02-25,2153,19.35,5.42
100496,2024-02-25,2154,13.54,6.09
100497,2024-02-25,2155,26.25,9.84
100498,2024-02-25,2156,107.24,30.03
100499,2024-02-25,2157,101.3,45.59
100500,2024-02-25,2158,17.25,6.47
100501,2024-02-26,2159,9.86,2.76
100502,2024-02-26,2160,37.56,16.90
100503,2024-02-26,2161,41.04,15.39
100504,2024-02-26,2162,16.54,4.63
100505,2024-02-26,2163,27.48,12.37
100506,2024-02-26,2164,50.01,18.75
100507,2024-02-26,2165,26.44,7.40
100508,2024-02-26,2166,20.35,9.16
100509,2024-02-26,2167,14.54,5.45
100510,2024-02-26,2168,27.25,7.63
100511,2024-02-26,2169,108.24,48.71
100512,2024-02-26,2170,102.3,38.36
100513,2024-02-26,2171,18.25,5.11
100514,2024-02-26,2172,10.86,4.89
100515,2024-02-26,2173,38.56,14.46
100516,2024-02-26,2174,42.04,11.77
100517,2024-02-26,2175,17.54,7.89
100518,2024-02-26,2176,28.48,10.68
100519,2024-02-26,2177,51.01,14.28
100520,2024-02-26,2178,27.44,12.35
100521,2024-02-27,2179,21.35,8.01
100522,2024-02-27,2180,15.54,4.35
100523,2024-02-27,2181,28.25,12.71
100524,2024-02-27,2182,109.24,40.97
100525,2024-02-27,2183,103.3,28.92
100526,2024-02-27,2184,19.25,8.66
100527,2024-02-27,2185,11.86,4.45
100528,2024-02-27,2186,39.56,11.08
100529,2024-02-27,2187,43.04,19.37
100530,2024-02-27,2188,18.54,6.95
100531,2024-02-27,2189,29.48,8.25
100532,2024-02-27,2190,52.01,23.40
100533,2024-02-27,2191,28.44,10.67
100534,2024-02-27,2192,22.35,6.26
100535,2024-02-27,2193,16.54,7.44
100536,2024-02-27,2194,29.25,10.97
100537,2024-02-27,2195,110.24,30.87
100538,2024-02-27,2196,104.3,46.94
100539,2024-02-27,2197,20.25,7.59
100540,2024-02-27,2198,12.86,3.60
100541,2024-02-28,2199,40.56,18.25
100542,2024-02-28,2200,44.04,16.52
100543,2024-02-28,2201,19.54,5.47
100544,2024-02-28,2202,30.48,13.72
100545,2024-02-28,2203,53.01,19.88
100546,2024-02-28,2204,29.44,8.24
100547,2024-02-28,2205,23.35,10.51
100548,2024-02-28,2206,17.54,6.58
100549,2024-02-28,2207,30.25,8.47
100550,2024-02-28,2208,111.24,50.06
100551,2024-02-28,2209,105.3,39.49
100552,2024-02-28,2210,21.25,5.95
100553,2024-02-28,2211,13.86,6.24
100554,2024-02-28,2212,41.56,15.59
100555,2024-02-28,2213,45.04,12.61
100556,2024-02-28,2214,20.54,9.24
100557,2024-02-28,2215,31.48,11.81
100558,2024-02-28,2216,54.01,15.12
100559,2024-02-28,2217,30.44,13.70
100560,2024-02-28,2218,24.35,9.13
100561,2024-02-29,2389,18.54,5.19
100562,2024-02-29,2390,31.25,14.06
100563,2024-02-29,2391,112.24,42.09
100564,2024-02-29,2392,106.3,29.76
100565,2024-02-29,2393,22.25,10.01
100566,2024-02-29,2394,14.86,5.57
100567,2024-02-29,2395,42.56,11.92
100568,2024-02-29,2396,46.04,20.72
100569,2024-02-29,2010,21.54,8.08
100570,2024-02-29,2011,32.48,9.09
100571,2024-02-29,2012,55.01,24.75
100572,2024-02-29,2013,31.44,11.79
100573,2024-02-29,2014,25.35,7.10
100574,2024-02-29,2015,19.54,8.79
100575,2024-02-29,2016,32.25,12.09
100576,2024-02-29,2017,113.24,31.71
100577,2024-02-29,2018,107.3,48.29
100578,2024-02-29,2019,23.25,8.72
100579,2024-02-29,2020,15.86,4.44
100580,2024-02-29,2021,43.56,19.60
100581,2024-03-01,2331,47.04,17.64
100582,2024-03-01,2332,22.54,6.31
100583,2024-03-01,2333,33.48,15.07
100584,2024-03-01,2334,56.01,21.00
100585,2024-03-01,2335,32.44,9.08
100586,2024-03-01,2336,26.35,11.86
100587,2024-03-01,2337,20.54,7.70
100588,2024-03-01,2338,33.25,9.31
100589,2024-03-01,2339,114.24,51.41
100590,2024-03-01,2340,108.3,40.61
100591,2024-03-01,2341,24.25,6.79
100592,2024-03-01,2010,16.86,7.59
100593,2024-03-01,2011,44.56,16.71
100594,2024-03-01,2012,48.04,13.45
100595,2024-03-01,2013,23.54,10.59
100596,2024-03-01,2014,34.48,12.93
100597,2024-03-01,2015,57.01,15.96
100598,2024-03-01,2016,33.44,15.05
100599,2024-03-01,2017,27.35,10.26
100600,2024-03-01,2018,21.54,6.03
100601,2024-03-02,2019,34.25,15.41
100602,2024-03-02,2020,115.24,43.22
100603,2024-03-02,2021,109.3,30.60
100604,2024-03-02,2022,25.25,11.36
100605,2024-03-02,2023,17.86,6.70
100606,2024-03-02,2024,45.56,12.76
100607,2024-03-02,2025,49.04,22.07
100608,2024-03-02,2026,24.54,9.20
100609,2024-03-02,2027,35.48,9.93
100610,2024-03-02,2028,58.01,26.10
100611,2024-03-02,2029,34.44,12.92
100612,2024-03-02,2030,28.35,7.94
100613,2024-03-02,2031,22.54,10.14
100614,2024-03-02,2032,35.25,13.22
100615,2024-03-02,2033,116.24,32.55
100616,2024-03-02,2034,110.3,49.64
100617,2024-03-02,2035,26.25,9.84
100618,2024-03-02,2036,18.86,5.28
100619,2024-03-02,2037,46.56,20.95
100620,2024-03-02,2038,50.04,18.77
100621,2024-03-03,2039,25.54,7.15
100622,2024-03-03,2040,36.48,16.42
100623,2024-03-03,2041,59.01,22.13
100624,2024-03-03,2042,35.44,9.92
100625,2024-03-03,2043,29.35,13.21
100626,2024-03-03,2044,23.54,8.83
100627,2024-03-03,2045,36.25,10.15
100628,2024-03-03,2046,117.24,52.76
100629,2024-03-03,2047,111.3,41.74
100630,2024-03-03,2048,27.25,7.63
100631,2024-03-03,2049,19.86,8.94
100632,2024-03-03,2050,47.56,17.84
100633,2024-03-03,2051,51.04,14.29
100634,2024-03-03,2052,26.54,11.94
100635,2024-03-03,2053,37.48,14.06
100636,2024-03-03,2054,60.01,16.80
100637,2024-03-03,2055,36.44,16.40
100638,2024-03-03,2056,30.35,11.38
100639,2024-03-03,2057,24.54,6.87
100640,2024-03-03,2058,37.25,16.76
100641,2024-03-04,2059,118.24,44.34
100642,2024-03-04,2060,112.3,31.44
100643,2024-03-04,2061,28.25,12.71
100644,2024-03-04,2062,20.86,7.82
100645,2024-03-04,2063,48.56,13.60
100646,2024-03-04,2064,52.04,23.42
100647,2024-03-04,2065,27.54,10.33
100648,2024-03-04,2066,38.48,10.77
100649,2024-03-04,2067,61.01,27.45
100650,2024-03-04,2068,37.44,14.04
100651,2024-03-04,2069,31.35,8.78
100652,2024-03-04,2070,25.54,11.49
100653,2024-03-04,2071,38.25,14.34
100654,2024-03-04,2072,119.24,33.39
100655,2024-03-04,2073,113.3,50.99
100656,2024-03-04,2074,29.25,10.97
100657,2024-03-04,2075,21.86,6.12
100658,2024-03-04,2076,49.56,22.30
100659,2024-03-04,2077,53.04,19.89
100660,2024-03-04,2078,28.54,7.99
100661,2024-03-05,2079,39.48,17.77
100662,2024-03-05,2080,62.01,23.25
100663,2024-03-05,2081,38.44,10.76
100664,2024-03-05,2082,32.35,14.56
100665,2024-03-05,2083,26.54,9.95
100666,2024-03-05,2084,39.25,10.99
100667,2024-03-05,2085,120.24,54.11
100668,2024-03-05,2086,114.3,42.86
100669,2024-03-05,2087,30.25,8.47
100670,2024-03-05,2088,22.86,10.29
100671,2024-03-05,2089,50.56,18.96
100672,2024-03-05,2090,54.04,15.13
100673,2024-03-05,2091,29.54,13.29
100674,2024-03-05,2092,40.48,15.18
100675,2024-03-05,2093,63.01,17.64
100676,2024-03-05,2094,39.44,17.75
100677,2024-03-05,2095,33.35,12.51
100678,2024-03-05,2096,27.54,7.71
100679,2024-03-05,2097,40.25,18.11
100680,2024-03-05,2098,121.24,45.47
100681,2024-03-06,2099,115.3,32.28
100682,2024-03-06,2100,31.25,14.06
100683,2024-03-06,2101,23.86,8.95
100684,2024-03-06,2102,51.56,14.44
100685,2024-03-06,2103,55.04,24.77
100686,2024-03-06,2104,30.54,11.45
100687,2024-03-06,2105,41.48,11.61
100688,2024-03-06,2106,64.01,28.80
100689,2024-03-06,2107,40.44,15.17
100690,2024-03-06,2108,34.35,9.62
100691,2024-03-06,2109,28.54,12.84
100692,2024-03-06,2110,41.25,15.47
100693,2024-03-06,2111,122.24,34.23
100694,2024-03-06,2112,116.3,52.34
100695,2024-03-06,2113,32.25,12.09
100696,2024-03-06,2114,24.86,6.96
100697,2024-03-06,2115,52.56,23.65
100698,2024-03-06,2116,56.04,21.02
100699,2024-03-06,2117,31.54,8.83
100700,2024-03-06,2118,42.48,19.12
100701,2024-03-07,2119,65.01,24.38
100702,2024-03-07,2120,41.44,11.60
100703,2024-03-07,2121,35.35,15.91
100704,2024-03-07,2122,29.54,11.08
100705,2024-03-07,2123,42.25,11.83
100706,2024-03-07,2124,123.24,55.46
100707,2024-03-07,2125,117.3,43.99
100708,2024-03-07,2126,33.25,9.31
100709,2024-03-07,2127,25.86,11.64
100710,2024-03-07,2128,53.56,20.09
100711,2024-03-07,2129,57.04,15.97
100712,2024-03-07,2130,32.54,14.64
100713,2024-03-07,2131,43.48,16.31
100714,2024-03-07,2132,66.01,18.48
100715,2024-03-07,2133,42.44,19.10
100716,2024-03-07,2134,36.35,13.63
100717,2024-03-07,2135,30.54,8.55
100718,2024-03-07,2136,43.25,19.46
100719,2024-03-07,2137,124.24,46.59
100720,2024-03-07,2138,118.3,33.12
100721,2024-03-08,2139,34.25,15.41
100722,2024-03-08,2140,26.86,10.07
100723,2024-03-08,2141,54.56,15.28
100724,2024-03-08,2142,58.04,26.12
100725,2024-03-08,2143,33.54,12.58
100726,2024-03-08,2144,44.48,12.45
100727,2024-03-08,2145,67.01,30.15
100728,2024-03-08,2146,43.44,16.29
100729,2024-03-08,2147,37.35,10.46
100730,2024-03-08,2148,31.54,14.19
100731,2024-03-08,2149,44.25,16.59
100732,2024-03-08,2150,125.24,35.07
100733,2024-03-08,2151,119.3,53.69
100734,2024-03-08,2152,35.25,13.22
100735,2024-03-08,2153,27.86,7.80
100736,2024-03-08,2154,55.56,25.00
100737,2024-03-08,2155,59.04,22.14
100738,2024-03-08,2156,34.54,9.67
100739,2024-03-08,2157,45.48,20.47
100740,2024-03-08,2158,68.01,25.50
100741,2024-03-09,2159,44.44,12.44
100742,2024-03-09,2160,38.35,17.26
100743,2024-03-09,2161,32.54,12.20
100744,2024-03-09,2162,45.25,12.67
100745,2024-03-09,2163,126.24,56.81
100746,2024-03-09,2164,120.3,45.11
100747,2024-03-09,2165,36.25,10.15
100748,2024-03-09,2166,28.86,12.99
100749,2024-03-09,2167,56.56,21.21
100750,2024-03-09,2168,60.04,16.81
100751,2024-03-09,2169,35.54,15.99
100752,2024-03-09,2170,46.48,17.43
100753,2024-03-09,2171,69.01,19.32
100754,2024-03-09,2172,45.44,20.45
100755,2024-03-09,2173,39.35,14.76
100756,2024-03-09,2174,33.54,9.39
100757,2024-03-09,2175,46.25,20.81
100758,2024-03-09,2176,127.24,47.72
100759,2024-03-09,2177,121.3,33.96
100760,2024-03-09,2178,37.25,16.76
100761,2024-03-10,2179,29.86,11.20
100762,2024-03-10,2180,57.56,16.12
100763,2024-03-10,2181,61.04,27.47
100764,2024-03-10,2182,36.54,13.70
100765,2024-03-10,2183,47.48,13.29
100766,2024-03-10,2184,70.01,31.50
100767,2024-03-10,2185,46.44,17.42
100768,2024-03-10,2186,40.35,11.30
100769,2024-03-10,2187,34.54,15.54
100770,2024-03-10,2188,47.25,17.72
100771,2024-03-10,2189,128.24,35.91
100772,2024-03-10,2190,122.3,55.04
100773,2024-03-10,2191,38.25,14.34
100774,2024-03-10,2192,30.86,8.64
100775,2024-03-10,2193,58.56,26.35
100776,2024-03-10,2194,62.04,23.27
100777,2024-03-10,2195,37.54,10.51
100778,2024-03-10,2196,48.48,21.82
100779,2024-03-10,2197,71.01,26.63
100780,2024-03-10,2198,47.44,13.28
100781,2024-03-11,2199,41.35,18.61
100782,2024-03-11,2200,35.54,13.33
100783,2024-03-11,2201,48.25,13.51
100784,2024-03-11,2202,129.24,58.16
100785,2024-03-11,2203,123.3,46.24
100786,2024-03-11,2204,39.25,10.99
100787,2024-03-11,2205,31.86,14.34
100788,2024-03-11,2206,59.56,22.34
100789,2024-03-11,2207,63.04,17.65
100790,2024-03-11,2208,38.54,17.34
100791,2024-03-11,2209,49.48,18.56
100792,2024-03-11,2210,72.01,20.16
100793,2024-03-11,2211,48.44,21.80
100794,2024-03-11,2212,42.35,15.88
100795,2024-03-11,2213,36.54,10.23
100796,2024-03-11,2214,49.25,22.16
100797,2024-03-11,2215,130.24,48.84
100798,2024-03-11,2216,124.3,34.80
100799,2024-03-11,2217,40.25,18.11
100800,2024-03-11,2218,32.86,12.32
100801,2024-03-12,2219,60.56,16.96
100802,2024-03-12,2220,64.04,28.82
100803,2024-03-12,2221,39.54,14.83
100804,2024-03-12,2222,50.48,14.13
100805,2024-03-12,2223,73.01,32.85
100806,2024-03-12,2224,49.44,18.54
100807,2024-03-12,2225,12.35,3.46
100808,2024-03-12,2226,6.54,2.94
100809,2024-03-12,2227,19.25,7.22
100810,2024-03-12,2228,100.24,28.07
100811,2024-03-12,2229,94.3,42.44
100812,2024-03-12,2230,10.25,3.84
100813,2024-03-12,2231,2.86,0.80
100814,2024-03-12,2232,30.56,13.75
100815,2024-03-12,2233,34.04,12.77
100816,2024-03-12,2234,9.54,2.67
100817,2024-03-12,2235,20.48,9.22
100818,2024-03-12,2236,43.01,16.13
100819,2024-03-12,2237,19.44,5.44
100820,2024-03-12,2238,13.35,6.01
100821,2024-03-13,2239,7.54,2.83
100822,2024-03-13,2240,20.25,5.67
100823,2024-03-13,2241,101.24,45.56
100824,2024-03-13,2242,95.3,35.74
100825,2024-03-13,2243,11.25,3.15
100826,2024-03-13,2244,3.86,1.74
100827,2024-03-13,2245,31.56,11.84
100828,2024-03-13,2246,35.04,9.81
100829,2024-03-13,2247,10.54,4.74
100830,2024-03-13,2248,21.48,8.06
100831,2024-03-13,2249,44.01,12.32
100832,2024-03-13,2250,20.44,9.20
100833,2024-03-13,2251,14.35,5.38
100834,2024-03-13,2252,8.54,2.39
100835,2024-03-13,2253,21.25,9.56
100836,2024-03-13,2254,102.24,38.34
100837,2024-03-13,2255,96.3,26.96
100838,2024-03-13,2256,12.25,5.51
100839,2024-03-13,2257,4.86,1.82
100840,2024-03-13,2258,32.56,9.12
100841,2024-03-14,2259,36.04,16.22
100842,2024-03-14,2260,11.54,4.33
100843,2024-03-14,2261,22.48,6.29
100844,2024-03-14,2262,45.01,20.25
100845,2024-03-14,2263,21.44,8.04
100846,2024-03-14,2264,15.35,4.30
100847,2024-03-14,2265,9.54,4.29
100848,2024-03-14,2266,22.25,8.34
100849,2024-03-14,2267,103.24,28.91
100850,2024-03-14,2268,97.3,43.79
100851,2024-03-14,2269,13.25,4.97
100852,2024-03-14,2270,5.86,1.64
100853,2024-03-14,2271,33.56,15.10
100854,2024-03-14,2272,37.04,13.89
100855,2024-03-14,2273,12.54,3.51
100856,2024-03-14,2274,23.48,10.57
100857,2024-03-14,2275,46.01,17.25
100858,2024-03-14,2276,22.44,6.28
100859,2024-03-14,2277,16.35,7.36
100860,2024-03-14,2278,10.54,3.95
100861,2024-03-15,2279,23.25,6.51
100862,2024-03-15,2280,104.24,46.91
100863,2024-03-15,2281,98.3,36.86
100864,2024-03-15,2282,14.25,3.99
100865,2024-03-15,2283,6.86,3.09
100866,2024-03-15,2284,34.56,12.96
100867,2024-03-15,2285,38.04,10.65
100868,2024-03-15,2286,13.54,6.09
100869,2024-03-15,2287,24.48,9.18
100870,2024-03-15,2288,47.01,13.16
100871,2024-03-15,2289,23.44,10.55
100872,2024-03-15,2290,17.35,6.51
100873,2024-03-15,2291,11.54,3.23
100874,2024-03-15,2292,24.25,10.91
100875,2024-03-15,2293,105.24,39.47
100876,2024-03-15,2294,99.3,27.80
100877,2024-03-15,2295,15.25,6.86
100878,2024-03-15,2296,7.86,2.95
100879,2024-03-15,2297,35.56,9.96
100880,2024-03-15,2298,39.04,17.57
100881,2024-03-16,2299,14.54,5.45
100882,2024-03-16,2300,25.48,7.13
100883,2024-03-16,2301,48.01,21.60
100884,2024-03-16,2302,24.44,9.17
100885,2024-03-16,2303,18.35,5.14
100886,2024-03-16,2304,12.54,5.64
100887,2024-03-16,2305,25.25,9.47
100888,2024-03-16,2306,106.24,29.75
100889,2024-03-16,2307,100.3,45.14
100890,2024-03-16,2308,16.25,6.09
100891,2024-03-16,2309,8.86,2.48
100892,2024-03-16,2310,36.56,16.45
100893,2024-03-16,2311,40.04,15.02
100894,2024-03-16,2312,15.54,4.35
100895,2024-03-16,2313,26.48,11.92
100896,2024-03-16,2314,49.01,18.38
100897,2024-03-16,2315,25.44,7.12
100898,2024-03-16,2316,19.35,8.71
100899,2024-03-16,2317,13.54,5.08
100900,2024-03-16,2318,26.25,7.35
100901,2024-03-17,2319,107.24,48.26
100902,2024-03-17,2320,101.3,37.99
100903,2024-03-17,2321,17.25,4.83
100904,2024-03-17,2322,9.86,4.44
100905,2024-03-17,2323,37.56,14.09
100906,2024-03-17,2324,41.04,11.49
100907,2024-03-17,2325,16.54,7.44
100908,2024-03-17,2326,27.48,10.31
100909,2024-03-17,2327,50.01,14.00
100910,2024-03-17,2328,26.44,11.90
100911,2024-03-17,2329,20.35,7.63
100912,2024-03-17,2330,14.54,4.07
100913,2024-03-17,2331,27.25,12.26
100914,2024-03-17,2332,108.24,40.59
100915,2024-03-17,2333,102.3,28.64
100916,2024-03-17,2334,18.25,8.21
100917,2024-03-17,2335,10.86,4.07
100918,2024-03-17,2336,38.56,10.80
100919,2024-03-17,2337,42.04,18.92
100920,2024-03-17,2338,17.54,6.58
100921,2024-03-18,2339,28.48,7.97
100922,2024-03-18,2340,51.01,22.95
100923,2024-03-18,2341,27.44,10.29
100924,2024-03-18,2342,21.35,5.98
100925,2024-03-18,2343,15.54,6.99
100926,2024-03-18,2344,28.25,10.59
100927,2024-03-18,2345,109.24,30.59
100928,2024-03-18,2346,103.3,46.49
100929,2024-03-18,2347,19.25,7.22
100930,2024-03-18,2348,11.86,3.32
100931,2024-03-18,2349,39.56,17.80
100932,2024-03-18,2350,43.04,16.14
100933,2024-03-18,2351,18.54,5.19
100934,2024-03-18,2352,29.48,13.27
100935,2024-03-18,2353,52.01,19.50
100936,2024-03-18,2354,28.44,7.96
100937,2024-03-18,2355,22.35,10.06
100938,2024-03-18,2356,16.54,6.20
100939,2024-03-18,2357,29.25,8.19
100940,2024-03-18,2358,110.24,49.61
100941,2024-03-19,2359,104.3,39.11
100942,2024-03-19,2360,20.25,5.67
100943,2024-03-19,2361,12.86,5.79
100944,2024-03-19,2362,40.56,15.21
100945,2024-03-19,2363,44.04,12.33
100946,2024-03-19,2364,19.54,8.79
100947,2024-03-19,2365,30.48,11.43
100948,2024-03-19,2366,53.01,14.84
100949,2024-03-19,2367,29.44,13.25
100950,2024-03-19,2368,23.35,8.76
100951,2024-03-19,2369,17.54,4.91
100952,2024-03-19,2370,30.25,13.61
100953,2024-03-19,2371,111.24,41.72
100954,2024-03-19,2372,105.3,29.48
100955,2024-03-19,2373,21.25,9.56
100956,2024-03-19,2374,13.86,5.20
100957,2024-03-19,2375,41.56,11.64
100958,2024-03-19,2376,45.04,20.27
100959,2024-03-19,2377,20.54,7.70
100960,2024-03-19,2378,31.48,8.81
100961,2024-03-20,2379,54.01,24.30
100962,2024-03-20,2380,30.44,11.42
100963,2024-03-20,2381,24.35,6.82
100964,2024-03-20,2382,18.54,8.34
100965,2024-03-20,2383,31.25,11.72
100966,2024-03-20,2384,112.24,31.43
100967,2024-03-20,2385,106.3,47.84
100968,2024-03-20,2386,22.25,8.34
100969,2024-03-20,2387,14.86,4.16
100970,2024-03-20,2388,42.56,19.15
100971,2024-03-20,2389,46.04,17.27
100972,2024-03-20,2390,21.54,6.03
100973,2024-03-20,2391,32.48,14.62
100974,2024-03-20,2392,55.01,20.63
100975,2024-03-20,2393,31.44,8.80
100976,2024-03-20,2394,25.35,11.41
100977,2024-03-20,2395,19.54,7.33
100978,2024-03-20,2396,32.25,9.03
100979,2024-03-20,2010,113.24,50.96
100980,2024-03-20,2011,107.3,40.24
100981,2024-03-21,2012,23.25,6.51
100982,2024-03-21,2013,15.86,7.14
100983,2024-03-21,2014,43.56,16.34
100984,2024-03-21,2015,47.04,13.17
100985,2024-03-21,2016,22.54,10.14
100986,2024-03-21,2017,33.48,12.56
100987,2024-03-21,2018,56.01,15.68
100988,2024-03-21,2019,32.44,14.60
100989,2024-03-21,2020,26.35,9.88
100990,2024-03-21,2021,20.54,5.75
100991,2024-03-21,2331,33.25,14.96
100992,2024-03-21,2332,114.24,42.84
100993,2024-03-21,2333,108.3,30.32
100994,2024-03-21,2334,24.25,10.91
100995,2024-03-21,2335,16.86,6.32
100996,2024-03-21,2336,44.56,12.48
100997,2024-03-21,2337,48.04,21.62
100998,2024-03-21,2338,23.54,8.83
100999,2024-03-21,2339,34.48,9.65
101000,2024-03-21,2340,57.01,25.65
101001,2024-03-22,2341,33.44,12.54
101002,2024-03-22,2342,27.35,7.66
101003,2024-03-22,2343,21.54,9.69
101004,2024-03-22,2344,34.25,12.84
101005,2024-03-22,2345,115.24,32.27
101006,2024-03-22,2346,109.3,49.19
101007,2024-03-22,2347,25.25,9.47
101008,2024-03-22,2348,17.86,5.00
101009,2024-03-22,2349,45.56,20.50
101010,2024-03-22,2350,49.04,18.39
101011,2024-03-22,2351,24.54,6.87
101012,2024-03-22,2352,35.48,15.97
101013,2024-03-22,2353,58.01,21.75
101014,2024-03-22,2354,34.44,9.64
101015,2024-03-22,2355,28.35,12.76
101016,2024-03-22,2356,22.54,8.45
101017,2024-03-22,2357,35.25,9.87
101018,2024-03-22,2358,116.24,52.31
101019,2024-03-22,2359,110.3,41.36
101020,2024-03-22,2360,26.25,7.35
101021,2024-03-23,2361,18.86,8.49
101022,2024-03-23,2362,46.56,17.46
101023,2024-03-23,2363,50.04,14.01
101024,2024-03-23,2364,25.54,11.49
101025,2024-03-23,2092,36.48,13.68
101026,2024-03-23,2093,59.01,16.52
101027,2024-03-23,2094,35.44,15.95
101028,2024-03-23,2095,29.35,11.01
101029,2024-03-23,2096,23.54,6.59
101030,2024-03-23,2097,36.25,16.31
101031,2024-03-23,2098,117.24,43.97
101032,2024-03-23,2099,111.3,31.16
101033,2024-03-23,2100,27.25,12.26
101034,2024-03-23,2101,19.86,7.45
101035,2024-03-23,2102,47.56,13.32
101036,2024-03-23,2103,51.04,22.97
101037,2024-03-23,2104,26.54,9.95
101038,2024-03-23,2105,37.48,10.49
101039,2024-03-23,2106,60.01,27.00
101040,2024-03-23,2107,36.44,13.67
101041,2024-03-24,2108,30.35,8.50
101042,2024-03-24,2109,24.54,11.04
101043,2024-03-24,2110,37.25,13.97
101044,2024-03-24,2111,118.24,33.11
101045,2024-03-24,2112,112.3,50.54
101046,2024-03-24,2113,28.25,10.59
101047,2024-03-24,2114,20.86,5.84
101048,2024-03-24,2115,48.56,21.85
101049,2024-03-24,2116,52.04,19.52
101050,2024-03-24,2117,27.54,7.71
101051,2024-03-24,2118,38.48,17.32
101052,2024-03-24,2119,61.01,22.88
101053,2024-03-24,2120,37.44,10.48
101054,2024-03-24,2121,31.35,14.11
101055,2024-03-24,2122,25.54,9.58
101056,2024-03-24,2123,38.25,10.71
101057,2024-03-24,2124,119.24,53.66
101058,2024-03-24,2125,113.3,42.49
101059,2024-03-24,2126,29.25,8.19
101060,2024-03-24,2127,21.86,9.84
101061,2024-03-25,2128,49.56,18.59
101062,2024-03-25,2129,53.04,14.85
101063,2024-03-25,2130,28.54,12.84
101064,2024-03-25,2131,39.48,14.81
101065,2024-03-25,2132,62.01,17.36
101066,2024-03-25,2133,38.44,17.30
101067,2024-03-25,2134,32.35,12.13
101068,2024-03-25,2135,26.54,7.43
101069,2024-03-25,2136,39.25,17.66
101070,2024-03-25,2137,120.24,45.09
101071,2024-03-25,2138,114.3,32.00
101072,2024-03-25,2139,30.25,13.61
101073,2024-03-25,2140,22.86,8.57
101074,2024-03-25,2141,50.56,14.16
101075,2024-03-25,2142,54.04,24.32
101076,2024-03-25,2143,29.54,11.08
101077,2024-03-25,2144,40.48,11.33
101078,2024-03-25,2145,63.01,28.35
101079,2024-03-25,2146,39.44,14.79
101080,2024-03-25,2147,33.35,9.34
101081,2024-03-26,2148,27.54,12.39
101082,2024-03-26,2149,40.25,15.09
101083,2024-03-26,2150,121.24,33.95
101084,2024-03-26,2151,115.3,51.89
101085,2024-03-26,2152,31.25,11.72
101086,2024-03-26,2153,23.86,6.68
101087,2024-03-26,2154,51.56,23.20
101088,2024-03-26,2155,55.04,20.64
101089,2024-03-26,2156,30.54,8.55
101090,2024-03-26,2157,41.48,18.67
101091,2024-03-26,2158,64.01,24.00
101092,2024-03-26,2159,40.44,11.32
101093,2024-03-26,2160,34.35,15.46
101094,2024-03-26,2161,28.54,10.70
101095,2024-03-26,2162,41.25,11.55
101096,2024-03-26,2163,122.24,55.01
101097,2024-03-26,2164,116.3,43.61
101098,2024-03-26,2165,32.25,9.03
101099,2024-03-26,2166,24.86,11.19
101100,2024-03-26,2167,52.56,19.71
101101,2024-03-27,2168,56.04,15.69
101102,2024-03-27,2169,31.54,14.19
101103,2024-03-27,2170,42.48,15.93
101104,2024-03-27,2171,65.01,18.20
101105,2024-03-27,2172,41.44,18.65
101106,2024-03-27,2173,35.35,13.26
101107,2024-03-27,2174,29.54,8.27
101108,2024-03-27,2175,42.25,19.01
101109,2024-03-27,2176,123.24,46.22
101110,2024-03-27,2177,117.3,32.84
101111,2024-03-27,2178,33.25,14.96
101112,2024-03-27,2179,25.86,9.70
101113,2024-03-27,2180,53.56,15.00
101114,2024-03-27,2181,57.04,25.67
101115,2024-03-27,2182,32.54,12.20
101116,2024-03-27,2183,43.48,12.17
101117,2024-03-27,2184,66.01,29.70
101118,2024-03-27,2185,42.44,15.92
101119,2024-03-27,2186,36.35,10.18
101120,2024-03-27,2187,30.54,13.74
101121,2024-03-28,2188,43.25,16.22
101122,2024-03-28,2189,124.24,34.79
101123,2024-03-28,2190,118.3,53.24
101124,2024-03-28,2191,34.25,12.84
101125,2024-03-28,2192,26.86,7.52
101126,2024-03-28,2193,54.56,24.55
101127,2024-03-28,2194,58.04,21.77
101128,2024-03-28,2195,33.54,9.39
101129,2024-03-28,2196,44.48,20.02
101130,2024-03-28,2197,67.01,25.13
101131,2024-03-28,2198,43.44,12.16
101132,2024-03-28,2199,37.35,16.81
101133,2024-03-28,2200,31.54,11.83
101134,2024-03-28,2201,44.25,12.39
101135,2024-03-28,2202,125.24,56.36
101136,2024-03-28,2203,119.3,44.74
101137,2024-03-28,2204,35.25,9.87
101138,2024-03-28,2205,27.86,12.54
101139,2024-03-28,2206,55.56,20.84
101140,2024-03-28,2207,59.04,16.53
101141,2024-03-29,2208,34.54,15.54
101142,2024-03-29,2209,45.48,17.06
101143,2024-03-29,2210,68.01,19.04
101144,2024-03-29,2211,44.44,20.00
101145,2024-03-29,2212,38.35,14.38
101146,2024-03-29,2213,32.54,9.11
101147,2024-03-29,2214,45.25,20.36
101148,2024-03-29,2215,126.24,47.34
101149,2024-03-29,2216,120.3,33.68
101150,2024-03-29,2217,36.25,16.31
101151,2024-03-29,2218,28.86,10.82
101152,2024-03-29,2389,56.56,15.84
101153,2024-03-29,2390,60.04,27.02
101154,2024-03-29,2391,35.54,13.33
101155,2024-03-29,2392,46.48,13.01
101156,2024-03-29,2393,69.01,31.05
101157,2024-03-29,2394,45.44,17.04
101158,2024-03-29,2395,39.35,11.02
101159,2024-03-29,2396,33.54,15.09
101160,2024-03-29,2010,46.25,17.34
101161,2024-03-30,2011,127.24,35.63
101162,2024-03-30,2012,121.3,54.59
101163,2024-03-30,2013,37.25,13.97
101164,2024-03-30,2014,29.86,8.36
101165,2024-03-30,2015,57.56,25.90
101166,2024-03-30,2016,61.04,22.89
101167,2024-03-30,2017,36.54,10.23
101168,2024-03-30,2018,47.48,21.37
101169,2024-03-30,2019,70.01,26.25
101170,2024-03-30,2020,46.44,13.00
101171,2024-03-30,2021,40.35,18.16
101172,2024-03-30,2331,34.54,12.95
101173,2024-03-30,2332,47.25,13.23
101174,2024-03-30,2333,128.24,57.71
101175,2024-03-30,2334,122.3,45.86
101176,2024-03-30,2335,38.25,10.71
101177,2024-03-30,2336,30.86,13.89
101178,2024-03-30,2337,58.56,21.96
101179,2024-03-30,2338,62.04,17.37
101180,2024-03-30,2339,37.54,16.89
101181,2024-03-31,2340,48.48,18.18
101182,2024-03-31,2341,71.01,19.88
101183,2024-03-31,2010,47.44,21.35
101184,2024-03-31,2011,41.35,15.51
101185,2024-03-31,2012,35.54,9.95
101186,2024-03-31,2013,48.25,21.71
101187,2024-03-31,2014,129.24,48.47
101188,2024-03-31,2015,123.3,34.52
101189,2024-03-31,2016,39.25,17.66
101190,2024-03-31,2017,31.86,11.95
101191,2024-03-31,2018,59.56,16.68
101192,2024-03-31,2019,63.04,28.37
101193,2024-03-31,2020,38.54,14.45
101194,2024-03-31,2021,49.48,13.85
101195,2024-03-31,2022,72.01,32.40
101196,2024-03-31,2023,48.44,18.17
101197,2024-03-31,2024,42.35,11.86
101198,2024-03-31,2025,36.54,16.44
101199,2024-03-31,2026,49.25,18.47
101200,2024-03-31,2027,130.24,36.47
101201,2024-04-01,2028,124.3,55.94
101202,2024-04-01,2029,40.25,15.09
101203,2024-04-01,2030,32.86,9.20
101204,2024-04-01,2031,60.56,27.25
101205,2024-04-01,2032,64.04,24.02
101206,2024-04-01,2033,39.54,11.07
101207,2024-04-01,2034,50.48,22.72
101208,2024-04-01,2035,73.01,27.38
101209,2024-04-01,2036,49.44,13.84
101210,2024-04-01,2037,12.35,5.56
101211,2024-04-01,2038,6.54,2.45
101212,2024-04-01,2039,19.25,5.39
101213,2024-04-01,2040,100.24,45.11
101214,2024-04-01,2041,94.3,35.36
101215,2024-04-01,2042,10.25,2.87
101216,2024-04-01,2043,2.86,1.29
101217,2024-04-01,2044,30.56,11.46
101218,2024-04-01,2045,34.04,9.53
101219,2024-04-01,2046,9.54,4.29
101220,2024-04-01,2047,20.48,7.68
101221,2024-04-02,2048,43.01,12.04
101222,2024-04-02,2049,19.44,8.75
101223,2024-04-02,2050,13.35,5.01
101224,2024-04-02,2051,7.54,2.11
101225,2024-04-02,2052,20.25,9.11
101226,2024-04-02,2053,101.24,37.97
101227,2024-04-02,2054,95.3,26.68
101228,2024-04-02,2055,11.25,5.06
101229,2024-04-02,2056,3.86,1.45
101230,2024-04-02,2057,31.56,8.84
101231,2024-04-02,2058,35.04,15.77
101232,2024-04-02,2059,10.54,3.95
101233,2024-04-02,2060,21.48,6.01
101234,2024-04-02,2061,44.01,19.80
101235,2024-04-02,2062,20.44,7.67
101236,2024-04-02,2063,14.35,4.02
101237,2024-04-02,2064,8.54,3.84
101238,2024-04-02,2065,21.25,7.97
101239,2024-04-02,2066,102.24,28.63
101240,2024-04-02,2067,96.3,43.34
101241,2024-04-03,2068,12.25,4.59
101242,2024-04-03,2069,4.86,1.36
101243,2024-04-03,2070,32.56,14.65
101244,2024-04-03,2071,36.04,13.52
101245,2024-04-03,2072,11.54,3.23
101246,2024-04-03,2073,22.48,10.12
101247,2024-04-03,2074,45.01,16.88
101248,2024-04-03,2075,21.44,6.00
101249,2024-04-03,2076,15.35,6.91
101250,2024-04-03,2077,9.54,3.58
101251,2024-04-03,2078,22.25,6.23
101252,2024-04-03,2079,103.24,46.46
101253,2024-04-03,2080,97.3,36.49
101254,2024-04-03,2081,13.25,3.71
101255,2024-04-03,2082,5.86,2.64
101256,2024-04-03,2083,33.56,12.59
101257,2024-04-03,2084,37.04,10.37
101258,2024-04-03,2085,12.54,5.64
101259,2024-04-03,2086,23.48,8.81
101260,2024-04-03,2087,46.01,12.88
101261,2024-04-04,2088,22.44,10.10
101262,2024-04-04,2089,16.35,6.13
101263,2024-04-04,2090,10.54,2.95
101264,2024-04-04,2091,23.25,10.46
101265,2024-04-04,2092,104.24,39.09
101266,2024-04-04,2093,98.3,27.52
101267,2024-04-04,2094,14.25,6.41
101268,2024-04-04,2095,6.86,2.57
101269,2024-04-04,2096,34.56,9.68
101270,2024-04-04,2097,38.04,17.12
101271,2024-04-04,2098,13.54,5.08
101272,2024-04-04,2099,24.48,6.85
101273,2024-04-04,2100,47.01,21.15
101274,2024-04-04,2101,23.44,8.79
101275,2024-04-04,2102,17.35,4.86
101276,2024-04-04,2103,11.54,5.19
101277,2024-04-04,2104,24.25,9.09
101278,2024-04-04,2105,105.24,29.47
101279,2024-04-04,2106,99.3,44.69
101280,2024-04-04,2107,15.25,5.72
101281,2024-04-05,2108,7.86,2.20
101282,2024-04-05,2109,35.56,16.00
101283,2024-04-05,2110,39.04,14.64
101284,2024-04-05,2111,14.54,4.07
101285,2024-04-05,2112,25.48,11.47
101286,2024-04-05,2113,48.01,18.00
101287,2024-04-05,2114,24.44,6.84
101288,2024-04-05,2115,18.35,8.26
101289,2024-04-05,2116,12.54,4.70
101290,2024-04-05,2117,25.25,7.07
101291,2024-04-05,2118,106.24,47.81
101292,2024-04-05,2119,100.3,37.61
101293,2024-04-05,2120,16.25,4.55
101294,2024-04-05,2121,8.86,3.99
101295,2024-04-05,2122,36.56,13.71
101296,2024-04-05,2123,40.04,11.21
101297,2024-04-05,2124,15.54,6.99
101298,2024-04-05,2125,26.48,9.93
101299,2024-04-05,2126,49.01,13.72
101300,2024-04-05,2127,25.44,11.45
101301,2024-04-06,2128,19.35,7.26
101302,2024-04-06,2129,13.54,3.79
101303,2024-04-06,2130,26.25,11.81
101304,2024-04-06,2131,107.24,40.22
101305,2024-04-06,2132,101.3,28.36
101306,2024-04-06,2133,17.25,7.76
101307,2024-04-06,2134,9.86,3.70
101308,2024-04-06,2135,37.56,10.52
101309,2024-04-06,2136,41.04,18.47
101310,2024-04-06,2137,16.54,6.20
101311,2024-04-06,2138,27.48,7.69
101312,2024-04-06,2139,50.01,22.50
101313,2024-04-06,2140,26.44,9.92
101314,2024-04-06,2141,20.35,5.70
101315,2024-04-06,2142,14.54,6.54
101316,2024-04-06,2143,27.25,10.22
101317,2024-04-06,2144,108.24,30.31
101318,2024-04-06,2145,102.3,46.04
101319,2024-04-06,2146,18.25,6.84
101320,2024-04-06,2147,10.86,3.04
101321,2024-04-07,2148,38.56,17.35
101322,2024-04-07,2149,42.04,15.77
101323,2024-04-07,2150,17.54,4.91
101324,2024-04-07,2151,28.48,12.82
101325,2024-04-07,2152,51.01,19.13
101326,2024-04-07,2153,27.44,7.68
101327,2024-04-07,2154,21.35,9.61
101328,2024-04-07,2155,15.54,5.83
101329,2024-04-07,2156,28.25,7.91
101330,2024-04-07,2157,109.24,49.16
101331,2024-04-07,2158,103.3,38.74
101332,2024-04-07,2159,19.25,5.39
101333,2024-04-07,2160,11.86,5.34
101334,2024-04-07,2161,39.56,14.84
101335,2024-04-07,2162,43.04,12.05
101336,2024-04-07,2163,18.54,8.34
101337,2024-04-07,2164,29.48,11.06
101338,2024-04-07,2165,52.01,14.56
101339,2024-04-07,2166,28.44,12.80
101340,2024-04-07,2167,22.35,8.38
101341,2024-04-08,2168,16.54,4.63
101342,2024-04-08,2169,29.25,13.16
101343,2024-04-08,2170,110.24,41.34
101344,2024-04-08,2171,104.3,29.20
101345,2024-04-08,2172,20.25,9.11
101346,2024-04-08,2173,12.86,4.82
101347,2024-04-08,2174,40.56,11.36
101348,2024-04-08,2175,44.04,19.82
101349,2024-04-08,2176,19.54,7.33
101350,2024-04-08,2177,30.48,8.53
101351,2024-04-08,2178,53.01,23.85
101352,2024-04-08,2179,29.44,11.04
101353,2024-04-08,2180,23.35,6.54
101354,2024-04-08,2181,17.54,7.89
101355,2024-04-08,2182,30.25,11.34
101356,2024-04-08,2183,111.24,31.15
101357,2024-04-08,2184,105.3,47.39
101358,2024-04-08,2185,21.25,7.97
101359,2024-04-08,2186,13.86,3.88
101360,2024-04-08,2187,41.56,18.70
101361,2024-04-09,2188,45.04,16.89
101362,2024-04-09,2189,20.54,5.75
101363,2024-04-09,2190,31.48,14.17
101364,2024-04-09,2191,54.01,20.25
101365,2024-04-09,2192,30.44,8.52
101366,2024-04-09,2193,24.35,10.96
101367,2024-04-09,2194,18.54,6.95
101368,2024-04-09,2195,31.25,8.75
101369,2024-04-09,2196,112.24,50.51
101370,2024-04-09,2197,106.3,39.86
101371,2024-04-09,2198,22.25,6.23
101372,2024-04-09,2199,14.86,6.69
101373,2024-04-09,2200,42.56,15.96
101374,2024-04-09,2201,46.04,12.89
101375,2024-04-09,2202,21.54,9.69
101376,2024-04-09,2203,32.48,12.18
101377,2024-04-09,2204,55.01,15.40
101378,2024-04-09,2205,31.44,14.15
101379,2024-04-09,2206,25.35,9.51
101380,2024-04-09,2207,19.54,5.47
101381,2024-04-10,2208,32.25,14.51
101382,2024-04-10,2209,113.24,42.47
101383,2024-04-10,2210,107.3,30.04
101384,2024-04-10,2211,23.25,10.46
101385,2024-04-10,2212,15.86,5.95
101386,2024-04-10,2213,43.56,12.20
101387,2024-04-10,2214,47.04,21.17
101388,2024-04-10,2215,22.54,8.45
101389,2024-04-10,2216,33.48,9.37
101390,2024-04-10,2217,56.01,25.20
101391,2024-04-10,2218,32.44,12.17
101392,2024-04-10,2219,26.35,7.38
101393,2024-04-10,2220,20.54,9.24
101394,2024-04-10,2221,33.25,12.47
101395,2024-04-10,2222,114.24,31.99
101396,2024-04-10,2223,108.3,48.74
101397,2024-04-10,2224,24.25,9.09
101398,2024-04-10,2225,16.86,4.72
101399,2024-04-10,2226,44.56,20.05
101400,2024-04-10,2227,48.04,18.02
101401,2024-04-11,2228,23.54,6.59
101402,2024-04-11,2229,34.48,15.52
101403,2024-04-11,2230,57.01,21.38
101404,2024-04-11,2231,33.44,9.36
101405,2024-04-11,2232,27.35,12.31
101406,2024-04-11,2233,21.54,8.08
101407,2024-04-11,2234,34.25,9.59
101408,2024-04-11,2235,115.24,51.86
101409,2024-04-11,2236,109.3,40.99
101410,2024-04-11,2237,25.25,7.07
101411,2024-04-11,2238,17.86,8.04
101412,2024-04-11,2239,45.56,17.09
101413,2024-04-11,2240,49.04,13.73
101414,2024-04-11,2241,24.54,11.04
101415,2024-04-11,2242,35.48,13.31
101416,2024-04-11,2243,58.01,16.24
101417,2024-04-11,2244,34.44,15.50
101418,2024-04-11,2245,28.35,10.63
101419,2024-04-11,2246,22.54,6.31
101420,2024-04-11,2247,35.25,15.86
101421,2024-04-12,2248,116.24,43.59
101422,2024-04-12,2249,110.3,30.88
101423,2024-04-12,2250,26.25,11.81
101424,2024-04-12,2251,18.86,7.07
101425,2024-04-12,2252,46.56,13.04
101426,2024-04-12,2253,50.04,22.52
101427,2024-04-12,2254,25.54,9.58
101428,2024-04-12,2255,36.48,10.21
101429,2024-04-12,2256,59.01,26.55
101430,2024-04-12,2257,35.44,13.29
101431,2024-04-12,2258,29.35,8.22
101432,2024-04-12,2259,23.54,10.59
101433,2024-04-12,2260,36.25,13.59
101434,2024-04-12,2261,117.24,32.83
101435,2024-04-12,2262,111.3,50.09
101436,2024-04-12,2263,27.25,10.22
101437,2024-04-12,2264,19.86,5.56
101438,2024-04-12,2265,47.56,21.40
101439,2024-04-12,2266,51.04,19.14
101440,2024-04-12,2267,26.54,7.43
101441,2024-04-13,2268,37.48,16.87
101442,2024-04-13,2269,60.01,22.50
101443,2024-04-13,2270,36.44,10.20
101444,2024-04-13,2271,30.35,13.66
101445,2024-04-13,2272,24.54,9.20
101446,2024-04-13,2273,37.25,10.43
101447,2024-04-13,2274,118.24,53.21
101448,2024-04-13,2275,112.3,42.11
101449,2024-04-13,2276,28.25,7.91
101450,2024-04-13,2277,20.86,9.39
101451,2024-04-13,2278,48.56,18.21
101452,2024-04-13,2279,52.04,14.57
101453,2024-04-13,2280,27.54,12.39
101454,2024-04-13,2281,38.48,14.43
101455,2024-04-13,2282,61.01,17.08
101456,2024-04-13,2283,37.44,16.85
101457,2024-04-13,2284,31.35,11.76
101458,2024-04-13,2285,25.54,7.15
101459,2024-04-13,2286,38.25,17.21
101460,2024-04-13,2287,119.24,44.72
101461,2024-04-14,2288,113.3,31.72
101462,2024-04-14,2289,29.25,13.16
101463,2024-04-14,2290,21.86,8.20
101464,2024-04-14,2291,49.56,13.88
101465,2024-04-14,2292,53.04,23.87
101466,2024-04-14,2293,28.54,10.70
101467,2024-04-14,2294,39.48,11.05
101468,2024-04-14,2295,62.01,27.90
101469,2024-04-14,2296,38.44,14.42
101470,2024-04-14,2297,32.35,9.06
101471,2024-04-14,2298,26.54,11.94
101472,2024-04-14,2299,39.25,14.72
101473,2024-04-14,2300,120.24,33.67
101474,2024-04-14,2301,114.3,51.44
101475,2024-04-14,2302,30.25,11.34
101476,2024-04-14,2303,22.86,6.40
101477,2024-04-14,2304,50.56,22.75
101478,2024-04-14,2305,54.04,20.27
101479,2024-04-14,2306,29.54,8.27
101480,2024-04-14,2307,40.48,18.22
101481,2024-04-15,2308,63.01,23.63
101482,2024-04-15,2309,39.44,11.04
101483,2024-04-15,2310,33.35,15.01
101484,2024-04-15,2311,27.54,10.33
101485,2024-04-15,2312,40.25,11.27
101486,2024-04-15,2313,121.24,54.56
101487,2024-04-15,2314,115.3,43.24
101488,2024-04-15,2315,31.25,8.75
101489,2024-04-15,2316,23.86,10.74
101490,2024-04-15,2317,51.56,19.34
101491,2024-04-15,2318,55.04,15.41
101492,2024-04-15,2319,30.54,13.74
101493,2024-04-15,2320,41.48,15.56
101494,2024-04-15,2321,64.01,17.92
101495,2024-04-15,2322,40.44,18.20
101496,2024-04-15,2323,34.35,12.88
101497,2024-04-15,2324,28.54,7.99
101498,2024-04-15,2325,41.25,18.56
101499,2024-04-15,2326,122.24,45.84
101500,2024-04-15,2327,116.3,32.56
101501,2024-04-16,2328,32.25,14.51
101502,2024-04-16,2329,24.86,9.32
101503,2024-04-16,2330,52.56,14.72
101504,2024-04-16,2331,56.04,25.22
101505,2024-04-16,2332,31.54,11.83
101506,2024-04-16,2333,42.48,11.89
101507,2024-04-16,2334,65.01,29.25
101508,2024-04-16,2335,41.44,15.54
101509,2024-04-16,2336,35.35,9.90
101510,2024-04-16,2337,29.54,13.29
101511,2024-04-16,2338,42.25,15.84
101512,2024-04-16,2339,123.24,34.51
101513,2024-04-16,2340,117.3,52.79
101514,2024-04-16,2341,33.25,12.47
101515,2024-04-16,2342,25.86,7.24
101516,2024-04-16,2343,53.56,24.10
101517,2024-04-16,2344,57.04,21.39
101518,2024-04-16,2345,32.54,9.11
101519,2024-04-16,2346,43.48,19.57
101520,2024-04-16,2347,66.01,24.75
101521,2024-04-17,2348,42.44,11.88
101522,2024-04-17,2349,36.35,16.36
101523,2024-04-17,2350,30.54,11.45
101524,2024-04-17,2351,43.25,12.11
101525,2024-04-17,2352,124.24,55.91
101526,2024-04-17,2353,118.3,44.36
101527,2024-04-17,2354,34.25,9.59
101528,2024-04-17,2355,26.86,12.09
101529,2024-04-17,2356,54.56,20.46
101530,2024-04-17,2357,58.04,16.25
101531,2024-04-17,2358,33.54,15.09
101532,2024-04-17,2359,44.48,16.68
101533,2024-04-17,2360,67.01,18.76
101534,2024-04-17,2361,43.44,19.55
101535,2024-04-17,2362,37.35,14.01
101536,2024-04-17,2363,31.54,8.83
101537,2024-04-17,2364,44.25,19.91
101538,2024-04-17,2365,125.24,46.97
101539,2024-04-17,2366,119.3,33.40
101540,2024-04-17,2367,35.25,15.86
101541,2024-04-18,2368,27.86,10.45
101542,2024-04-18,2369,55.56,15.56
101543,2024-04-18,2370,59.04,26.57
101544,2024-04-18,2371,34.54,12.95
101545,2024-04-18,2372,45.48,12.73
101546,2024-04-18,2373,68.01,30.60
101547,2024-04-18,2374,44.44,16.67
101548,2024-04-18,2375,38.35,10.74
101549,2024-04-18,2376,32.54,14.64
101550,2024-04-18,2377,45.25,16.97
101551,2024-04-18,2378,126.24,35.35
101552,2024-04-18,2379,120.3,54.14
101553,2024-04-18,2380,36.25,13.59
101554,2024-04-18,2381,28.86,8.08
101555,2024-04-18,2382,56.56,25.45
101556,2024-04-18,2383,60.04,22.52
101557,2024-04-18,2384,35.54,9.95
101558,2024-04-18,2385,46.48,20.92
101559,2024-04-18,2386,69.01,25.88
101560,2024-04-18,2387,45.44,12.72
101561,2024-04-19,2388,39.35,17.71
101562,2024-04-19,2389,33.54,12.58
101563,2024-04-19,2390,46.25,12.95
101564,2024-04-19,2391,127.24,57.26
101565,2024-04-19,2392,121.3,45.49
101566,2024-04-19,2393,37.25,10.43
101567,2024-04-19,2394,29.86,13.44
101568,2024-04-19,2395,57.56,21.59
101569,2024-04-19,2396,61.04,17.09
101570,2024-04-19,2010,36.54,16.44
101571,2024-04-19,2011,47.48,17.81
101572,2024-04-19,2012,70.01,19.60
101573,2024-04-19,2013,46.44,20.90
101574,2024-04-19,2014,40.35,15.13
101575,2024-04-19,2015,34.54,9.67
101576,2024-04-19,2016,47.25,21.26
101577,2024-04-19,2017,128.24,48.09
101578,2024-04-19,2018,122.3,34.24
101579,2024-04-19,2019,38.25,17.21
101580,2024-04-19,2020,30.86,11.57
101581,2024-04-20,2021,58.56,16.40
101582,2024-04-20,2331,62.04,27.92
101583,2024-04-20,2332,37.54,14.08
101584,2024-04-20,2333,48.48,13.57
101585,2024-04-20,2334,71.01,31.95
101586,2024-04-20,2335,47.44,17.79
101587,2024-04-20,2336,41.35,11.58
101588,2024-04-20,2337,35.54,15.99
101589,2024-04-20,2338,48.25,18.09
101590,2024-04-20,2339,129.24,36.19
101591,2024-04-20,2340,123.3,55.49
101592,2024-04-20,2341,39.25,14.72
101593,2024-04-20,2342,31.86,8.92
101594,2024-04-20,2343,59.56,26.80
101595,2024-04-20,2344,63.04,23.64
101596,2024-04-20,2345,38.54,10.79
101597,2024-04-20,2346,49.48,22.27
101598,2024-04-20,2347,72.01,27.00
101599,2024-04-20,2348,48.44,13.56
101600,2024-04-20,2349,42.35,19.06
101601,2024-04-21,2350,36.54,13.70
101602,2024-04-21,2351,49.25,13.79
101603,2024-04-21,2352,130.24,58.61
101604,2024-04-21,2353,124.3,46.61
101605,2024-04-21,2354,40.25,11.27
101606,2024-04-21,2355,32.86,14.79
101607,2024-04-21,2356,60.56,22.71
101608,2024-04-21,2357,64.04,17.93
101609,2024-04-21,2358,39.54,17.79
101610,2024-04-21,2359,50.48,18.93
101611,2024-04-21,2360,73.01,20.44
101612,2024-04-21,2361,49.44,22.25
101613,2024-04-21,2362,13.35,5.01
101614,2024-04-21,2363,7.54,2.11
101615,2024-04-21,2364,20.25,9.11
101616,2024-04-21,2092,101.24,37.97
101617,2024-04-21,2093,95.3,26.68
101618,2024-04-21,2094,11.25,5.06
101619,2024-04-21,2095,3.86,1.45
101620,2024-04-21,2096,31.56,8.84
101621,2024-04-22,2097,35.04,15.77
101622,2024-04-22,2098,10.54,3.95
101623,2024-04-22,2099,21.48,6.01
101624,2024-04-22,2100,44.01,19.80
101625,2024-04-22,2101,20.44,7.67
101626,2024-04-22,2102,14.35,4.02
101627,2024-04-22,2103,8.54,3.84
101628,2024-04-22,2104,21.25,7.97
101629,2024-04-22,2105,102.24,28.63
101630,2024-04-22,2106,96.3,43.34
101631,2024-04-22,2107,12.25,4.59
101632,2024-04-22,2108,4.86,1.36
101633,2024-04-22,2109,32.56,14.65
101634,2024-04-22,2110,36.04,13.52
101635,2024-04-22,2111,11.54,3.23
101636,2024-04-22,2112,22.48,10.12
101637,2024-04-22,2113,45.01,16.88
101638,2024-04-22,2114,21.44,6.00
101639,2024-04-22,2115,15.35,6.91
101640,2024-04-22,2116,9.54,3.58
101641,2024-04-23,2117,22.25,6.23
101642,2024-04-23,2118,103.24,46.46
101643,2024-04-23,2119,97.3,36.49
101644,2024-04-23,2120,13.25,3.71
101645,2024-04-23,2121,5.86,2.64
101646,2024-04-23,2122,33.56,12.59
101647,2024-04-23,2123,37.04,10.37
101648,2024-04-23,2124,12.54,5.64
101649,2024-04-23,2125,23.48,8.81
101650,2024-04-23,2126,46.01,12.88
101651,2024-04-23,2127,22.44,10.10
101652,2024-04-23,2128,16.35,6.13
101653,2024-04-23,2129,10.54,2.95
101654,2024-04-23,2130,23.25,10.46
101655,2024-04-23,2131,104.24,39.09
101656,2024-04-23,2132,98.3,27.52
101657,2024-04-23,2133,14.25,6.41
101658,2024-04-23,2134,6.86,2.57
101659,2024-04-23,2135,34.56,9.68
101660,2024-04-23,2136,38.04,17.12
101661,2024-04-24,2137,13.54,5.08
101662,2024-04-24,2138,24.48,6.85
101663,2024-04-24,2139,47.01,21.15
101664,2024-04-24,2140,23.44,8.79
101665,2024-04-24,2141,17.35,4.86
101666,2024-04-24,2142,11.54,5.19
101667,2024-04-24,2143,24.25,9.09
101668,2024-04-24,2144,105.24,29.47
101669,2024-04-24,2145,99.3,44.69
101670,2024-04-24,2146,15.25,5.72
101671,2024-04-24,2147,7.86,2.20
101672,2024-04-24,2148,35.56,16.00
101673,2024-04-24,2149,39.04,14.64
101674,2024-04-24,2150,14.54,4.07
101675,2024-04-24,2151,25.48,11.47
101676,2024-04-24,2152,48.01,18.00
101677,2024-04-24,2153,24.44,6.84
101678,2024-04-24,2154,18.35,8.26
101679,2024-04-24,2155,12.54,4.70
101680,2024-04-24,2156,25.25,7.07
101681,2024-04-25,2157,106.24,47.81
101682,2024-04-25,2158,100.3,37.61
101683,2024-04-25,2159,16.25,4.55
101684,2024-04-25,2160,8.86,3.99
101685,2024-04-25,2161,36.56,13.71
101686,2024-04-25,2162,40.04,11.21
101687,2024-04-25,2163,15.54,6.99
101688,2024-04-25,2164,26.48,9.93
101689,2024-04-25,2165,49.01,13.72
101690,2024-04-25,2166,25.44,11.45
101691,2024-04-25,2167,19.35,7.26
101692,2024-04-25,2168,13.54,3.79
101693,2024-04-25,2169,26.25,11.81
101694,2024-04-25,2170,107.24,40.22
101695,2024-04-25,2171,101.3,28.36
101696,2024-04-25,2172,17.25,7.76
101697,2024-04-25,2173,9.86,3.70
101698,2024-04-25,2174,37.56,10.52
101699,2024-04-25,2175,41.04,18.47
101700,2024-04-25,2176,16.54,6.20
101701,2024-04-26,2177,27.48,7.69
101702,2024-04-26,2178,50.01,22.50
101703,2024-04-26,2179,26.44,9.92
101704,2024-04-26,2180,20.35,5.70
101705,2024-04-26,2181,14.54,6.54
101706,2024-04-26,2182,27.25,10.22
101707,2024-04-26,2183,108.24,30.31
101708,2024-04-26,2184,102.3,46.04
101709,2024-04-26,2185,18.25,6.84
101710,2024-04-26,2186,10.86,3.04
101711,2024-04-26,2187,38.56,17.35
101712,2024-04-26,2188,42.04,15.77
101713,2024-04-26,2189,17.54,4.91
101714,2024-04-26,2190,28.48,12.82
101715,2024-04-26,2191,51.01,19.13
101716,2024-04-26,2192,27.44,7.68
101717,2024-04-26,2193,21.35,9.61
101718,2024-04-26,2194,15.54,5.83
101719,2024-04-26,2195,28.25,7.91
101720,2024-04-26,2196,109.24,49.16
101721,2024-04-27,2197,103.3,38.74
101722,2024-04-27,2198,19.25,5.39
101723,2024-04-27,2199,11.86,5.34
101724,2024-04-27,2200,39.56,14.84
101725,2024-04-27,2201,43.04,12.05
101726,2024-04-27,2202,18.54,8.34
101727,2024-04-27,2203,29.48,11.06
101728,2024-04-27,2204,52.01,14.56
101729,2024-04-27,2205,28.44,12.80
101730,2024-04-27,2206,22.35,8.38
101731,2024-04-27,2207,16.54,4.63
101732,2024-04-27,2208,29.25,13.16
101733,2024-04-27,2209,110.24,41.34
101734,2024-04-27,2210,104.3,29.20
101735,2024-04-27,2211,20.25,9.11
101736,2024-04-27,2212,12.86,4.82
101737,2024-04-27,2213,40.56,11.36
101738,2024-04-27,2214,44.04,19.82
101739,2024-04-27,2215,19.54,7.33
101740,2024-04-27,2216,30.48,8.53
101741,2024-04-28,2217,53.01,23.85
101742,2024-04-28,2218,29.44,11.04
101743,2024-04-28,2389,23.35,6.54
101744,2024-04-28,2390,17.54,7.89
101745,2024-04-28,2391,30.25,11.34
101746,2024-04-28,2392,111.24,31.15
101747,2024-04-28,2393,105.3,47.39
101748,2024-04-28,2394,21.25,7.97
101749,2024-04-28,2395,13.86,3.88
101750,2024-04-28,2396,41.56,18.70
101751,2024-04-28,2010,45.04,16.89
101752,2024-04-28,2011,20.54,5.75
101753,2024-04-28,2012,31.48,14.17
101754,2024-04-28,2013,54.01,20.25
101755,2024-04-28,2014,30.44,8.52
101756,2024-04-28,2015,24.35,10.96
101757,2024-04-28,2016,18.54,6.95
101758,2024-04-28,2017,31.25,8.75
101759,2024-04-28,2018,112.24,50.51
101760,2024-04-28,2019,106.3,39.86
101761,2024-04-29,2020,22.25,6.23
101762,2024-04-29,2021,14.86,6.69
101763,2024-04-29,2331,42.56,15.96
101764,2024-04-29,2332,46.04,12.89
101765,2024-04-29,2333,21.54,9.69
101766,2024-04-29,2334,32.48,12.18
101767,2024-04-29,2335,55.01,15.40
101768,2024-04-29,2336,31.44,14.15
101769,2024-04-29,2337,25.35,9.51
101770,2024-04-29,2338,19.54,5.47
101771,2024-04-29,2339,32.25,14.51
101772,2024-04-29,2340,113.24,42.47
101773,2024-04-29,2341,107.3,30.04
